Domain Code,Domain,Area Code,Area,Element Code,Element,Item Code,Item,Year Code,Year,Months Code,Months,Unit,Value,Flag,Flag Description
"PP","Producer Prices","3","Albania","5532","Producer Price (USD/tonne)","44","Barley","2018","2018","7021","Annual value","USD","302.2","","Official data"
"PP","Producer Prices","3","Albania","5532","Producer Price (USD/tonne)","56","Maize","2018","2018","7021","Annual value","USD","300.3","","Official data"
"PP","Producer Prices","3","Albania","5532","Producer Price (USD/tonne)","75","Oats","2018","2018","7021","Annual value","USD","342.9","","Official data"
"PP","Producer Prices","3","Albania","5532","Producer Price (USD/tonne)","71","Rye","2018","2018","7021","Annual value","USD","482.1","","Official data"
"PP","Producer Prices","3","Albania","5532","Producer Price (USD/tonne)","15","Wheat","2018","2018","7021","Annual value","USD","294","","Official data"
"PP","Producer Prices","4","Algeria","5532","Producer Price (USD/tonne)","44","Barley","2018","2018","7021","Annual value","USD","214.4","","Official data"
"PP","Producer Prices","4","Algeria","5532","Producer Price (USD/tonne)","75","Oats","2018","2018","7021","Annual value","USD","137.2","","Official data"
"PP","Producer Prices","4","Algeria","5532","Producer Price (USD/tonne)","15","Wheat","2018","2018","7021","Annual value","USD","386","","Official data"
"PP","Producer Prices","1","Armenia","5532","Producer Price (USD/tonne)","44","Barley","2018","2018","7021","Annual value","USD","226.8","","Official data"
"PP","Producer Prices","1","Armenia","5532","Producer Price (USD/tonne)","56","Maize","2018","2018","7021","Annual value","USD","234.7","Fc","Calculated data"
"PP","Producer Prices","1","Armenia","5532","Producer Price (USD/tonne)","71","Rye","2018","2018","7021","Annual value","USD","414.1","","Official data"
"PP","Producer Prices","1","Armenia","5532","Producer Price (USD/tonne)","15","Wheat","2018","2018","7021","Annual value","USD","234.7","","Official data"
"PP","Producer Prices","10","Australia","5532","Producer Price (USD/tonne)","44","Barley","2018","2018","7021","Annual value","USD","183.8","","Official data"
"PP","Producer Prices","10","Australia","5532","Producer Price (USD/tonne)","56","Maize","2018","2018","7021","Annual value","USD","251.8","","Official data"
"PP","Producer Prices","10","Australia","5532","Producer Price (USD/tonne)","75","Oats","2018","2018","7021","Annual value","USD","165.9","","Official data"
"PP","Producer Prices","10","Australia","5532","Producer Price (USD/tonne)","27","Rice, paddy","2018","2018","7021","Annual value","USD","289.2","","Official data"
"PP","Producer Prices","10","Australia","5532","Producer Price (USD/tonne)","83","Sorghum","2018","2018","7021","Annual value","USD","232.4","","Official data"
"PP","Producer Prices","10","Australia","5532","Producer Price (USD/tonne)","97","Triticale","2018","2018","7021","Annual value","USD","175.6","","Official data"
"PP","Producer Prices","10","Australia","5532","Producer Price (USD/tonne)","15","Wheat","2018","2018","7021","Annual value","USD","203.2","","Official data"
"PP","Producer Prices","11","Austria","5532","Producer Price (USD/tonne)","44","Barley","2018","2018","7021","Annual value","USD","161.8","","Official data"
"PP","Producer Prices","11","Austria","5532","Producer Price (USD/tonne)","56","Maize","2018","2018","7021","Annual value","USD","165.3","","Official data"
"PP","Producer Prices","11","Austria","5532","Producer Price (USD/tonne)","75","Oats","2018","2018","7021","Annual value","USD","165.3","","Official data"
"PP","Producer Prices","11","Austria","5532","Producer Price (USD/tonne)","71","Rye","2018","2018","7021","Annual value","USD","177.1","","Official data"
"PP","Producer Prices","11","Austria","5532","Producer Price (USD/tonne)","97","Triticale","2018","2018","7021","Annual value","USD","160.6","","Official data"
"PP","Producer Prices","11","Austria","5532","Producer Price (USD/tonne)","15","Wheat","2018","2018","7021","Annual value","USD","181.9","","Official data"
"PP","Producer Prices","52","Azerbaijan","5532","Producer Price (USD/tonne)","44","Barley","2018","2018","7021","Annual value","USD","129.4","","Official data"
"PP","Producer Prices","52","Azerbaijan","5532","Producer Price (USD/tonne)","56","Maize","2018","2018","7021","Annual value","USD","158.8","","Official data"
"PP","Producer Prices","52","Azerbaijan","5532","Producer Price (USD/tonne)","79","Millet","2018","2018","7021","Annual value","USD","117.6","","Official data"
"PP","Producer Prices","52","Azerbaijan","5532","Producer Price (USD/tonne)","75","Oats","2018","2018","7021","Annual value","USD","105.9","","Official data"
"PP","Producer Prices","52","Azerbaijan","5532","Producer Price (USD/tonne)","27","Rice, paddy","2018","2018","7021","Annual value","USD","1017.6","","Official data"
"PP","Producer Prices","52","Azerbaijan","5532","Producer Price (USD/tonne)","71","Rye","2018","2018","7021","Annual value","USD","176.5","","Official data"
"PP","Producer Prices","52","Azerbaijan","5532","Producer Price (USD/tonne)","15","Wheat","2018","2018","7021","Annual value","USD","152.9","","Official data"
"PP","Producer Prices","16","Bangladesh","5532","Producer Price (USD/tonne)","56","Maize","2018","2018","7021","Annual value","USD","202.1","","Official data"
"PP","Producer Prices","16","Bangladesh","5532","Producer Price (USD/tonne)","27","Rice, paddy","2018","2018","7021","Annual value","USD","214.6","","Official data"
"PP","Producer Prices","16","Bangladesh","5532","Producer Price (USD/tonne)","15","Wheat","2018","2018","7021","Annual value","USD","279.8","","Official data"
"PP","Producer Prices","57","Belarus","5532","Producer Price (USD/tonne)","44","Barley","2018","2018","7021","Annual value","USD","143.6","","Official data"
"PP","Producer Prices","57","Belarus","5532","Producer Price (USD/tonne)","89","Buckwheat","2018","2018","7021","Annual value","USD","265.9","","Official data"
"PP","Producer Prices","57","Belarus","5532","Producer Price (USD/tonne)","56","Maize","2018","2018","7021","Annual value","USD","335.3","","Official data"
"PP","Producer Prices","57","Belarus","5532","Producer Price (USD/tonne)","79","Millet","2018","2018","7021","Annual value","USD","152.3","","Official data"
"PP","Producer Prices","57","Belarus","5532","Producer Price (USD/tonne)","75","Oats","2018","2018","7021","Annual value","USD","99.4","","Official data"
"PP","Producer Prices","57","Belarus","5532","Producer Price (USD/tonne)","71","Rye","2018","2018","7021","Annual value","USD","102.4","","Official data"
"PP","Producer Prices","57","Belarus","5532","Producer Price (USD/tonne)","97","Triticale","2018","2018","7021","Annual value","USD","124.4","","Official data"
"PP","Producer Prices","57","Belarus","5532","Producer Price (USD/tonne)","15","Wheat","2018","2018","7021","Annual value","USD","158.2","","Official data"
"PP","Producer Prices","255","Belgium","5532","Producer Price (USD/tonne)","44","Barley","2018","2018","7021","Annual value","USD","209.7","","Official data"
"PP","Producer Prices","255","Belgium","5532","Producer Price (USD/tonne)","75","Oats","2018","2018","7021","Annual value","USD","90.6","","Official data"
"PP","Producer Prices","255","Belgium","5532","Producer Price (USD/tonne)","71","Rye","2018","2018","7021","Annual value","USD","164.7","","Official data"
"PP","Producer Prices","255","Belgium","5532","Producer Price (USD/tonne)","97","Triticale","2018","2018","7021","Annual value","USD","103.9","","Official data"
"PP","Producer Prices","255","Belgium","5532","Producer Price (USD/tonne)","15","Wheat","2018","2018","7021","Annual value","USD","196.7","","Official data"
"PP","Producer Prices","53","Benin","5532","Producer Price (USD/tonne)","56","Maize","2018","2018","7021","Annual value","USD","245","","Official data"
"PP","Producer Prices","53","Benin","5532","Producer Price (USD/tonne)","79","Millet","2018","2018","7021","Annual value","USD","545.6","","Official data"
"PP","Producer Prices","53","Benin","5532","Producer Price (USD/tonne)","27","Rice, paddy","2018","2018","7021","Annual value","USD","691.6","","Official data"
"PP","Producer Prices","53","Benin","5532","Producer Price (USD/tonne)","83","Sorghum","2018","2018","7021","Annual value","USD","347.7","","Official data"
"PP","Producer Prices","19","Bolivia (Plurinational State of)","5532","Producer Price (USD/tonne)","44","Barley","2018","2018","7021","Annual value","USD","199.2","","Official data"
"PP","Producer Prices","19","Bolivia (Plurinational State of)","5532","Producer Price (USD/tonne)","56","Maize","2018","2018","7021","Annual value","USD","392.9","","Official data"
"PP","Producer Prices","19","Bolivia (Plurinational State of)","5532","Producer Price (USD/tonne)","75","Oats","2018","2018","7021","Annual value","USD","349.4","","Official data"
"PP","Producer Prices","19","Bolivia (Plurinational State of)","5532","Producer Price (USD/tonne)","92","Quinoa","2018","2018","7021","Annual value","USD","903.2","","Official data"
"PP","Producer Prices","19","Bolivia (Plurinational State of)","5532","Producer Price (USD/tonne)","27","Rice, paddy","2018","2018","7021","Annual value","USD","348.5","","Official data"
"PP","Producer Prices","19","Bolivia (Plurinational State of)","5532","Producer Price (USD/tonne)","83","Sorghum","2018","2018","7021","Annual value","USD","106.4","","Official data"
"PP","Producer Prices","19","Bolivia (Plurinational State of)","5532","Producer Price (USD/tonne)","15","Wheat","2018","2018","7021","Annual value","USD","348.6","","Official data"
"PP","Producer Prices","80","Bosnia and Herzegovina","5532","Producer Price (USD/tonne)","44","Barley","2018","2018","7021","Annual value","USD","188.7","","Official data"
"PP","Producer Prices","80","Bosnia and Herzegovina","5532","Producer Price (USD/tonne)","89","Buckwheat","2018","2018","7021","Annual value","USD","261.2","","Official data"
"PP","Producer Prices","80","Bosnia and Herzegovina","5532","Producer Price (USD/tonne)","56","Maize","2018","2018","7021","Annual value","USD","167","","Official data"
"PP","Producer Prices","80","Bosnia and Herzegovina","5532","Producer Price (USD/tonne)","75","Oats","2018","2018","7021","Annual value","USD","156.3","","Official data"
"PP","Producer Prices","80","Bosnia and Herzegovina","5532","Producer Price (USD/tonne)","71","Rye","2018","2018","7021","Annual value","USD","209","","Official data"
"PP","Producer Prices","80","Bosnia and Herzegovina","5532","Producer Price (USD/tonne)","97","Triticale","2018","2018","7021","Annual value","USD","151.7","","Official data"
"PP","Producer Prices","80","Bosnia and Herzegovina","5532","Producer Price (USD/tonne)","15","Wheat","2018","2018","7021","Annual value","USD","159.7","","Official data"
"PP","Producer Prices","26","Brunei Darussalam","5532","Producer Price (USD/tonne)","56","Maize","2018","2018","7021","Annual value","USD","3399.5","","Official data"
"PP","Producer Prices","26","Brunei Darussalam","5532","Producer Price (USD/tonne)","27","Rice, paddy","2018","2018","7021","Annual value","USD","926.7","","Official data"
"PP","Producer Prices","27","Bulgaria","5532","Producer Price (USD/tonne)","44","Barley","2018","2018","7021","Annual value","USD","176.6","","Official data"
"PP","Producer Prices","27","Bulgaria","5532","Producer Price (USD/tonne)","56","Maize","2018","2018","7021","Annual value","USD","168.8","","Official data"
"PP","Producer Prices","27","Bulgaria","5532","Producer Price (USD/tonne)","75","Oats","2018","2018","7021","Annual value","USD","171.1","","Official data"
"PP","Producer Prices","27","Bulgaria","5532","Producer Price (USD/tonne)","27","Rice, paddy","2018","2018","7021","Annual value","USD","312.2","","Official data"
"PP","Producer Prices","27","Bulgaria","5532","Producer Price (USD/tonne)","71","Rye","2018","2018","7021","Annual value","USD","158.2","","Official data"
"PP","Producer Prices","27","Bulgaria","5532","Producer Price (USD/tonne)","83","Sorghum","2018","2018","7021","Annual value","USD","209.6","","Official data"
"PP","Producer Prices","27","Bulgaria","5532","Producer Price (USD/tonne)","97","Triticale","2018","2018","7021","Annual value","USD","163.4","","Official data"
"PP","Producer Prices","27","Bulgaria","5532","Producer Price (USD/tonne)","15","Wheat","2018","2018","7021","Annual value","USD","183.9","","Official data"
"PP","Producer Prices","29","Burundi","5532","Producer Price (USD/tonne)","56","Maize","2018","2018","7021","Annual value","USD","346.1","","Official data"
"PP","Producer Prices","29","Burundi","5532","Producer Price (USD/tonne)","27","Rice, paddy","2018","2018","7021","Annual value","USD","384.2","","Official data"
"PP","Producer Prices","35","Cabo Verde","5532","Producer Price (USD/tonne)","44","Barley","2018","2018","7021","Annual value","USD","2406.2","","Official data"
"PP","Producer Prices","35","Cabo Verde","5532","Producer Price (USD/tonne)","56","Maize","2018","2018","7021","Annual value","USD","756.3","","Official data"
"PP","Producer Prices","33","Canada","5532","Producer Price (USD/tonne)","44","Barley","2018","2018","7021","Annual value","USD","163.9","","Official data"
"PP","Producer Prices","33","Canada","5532","Producer Price (USD/tonne)","101","Canary seed","2018","2018","7021","Annual value","USD","357.2","","Official data"
"PP","Producer Prices","33","Canada","5532","Producer Price (USD/tonne)","56","Maize","2018","2018","7021","Annual value","USD","150.8","","Official data"
"PP","Producer Prices","33","Canada","5532","Producer Price (USD/tonne)","75","Oats","2018","2018","7021","Annual value","USD","147","","Official data"
"PP","Producer Prices","33","Canada","5532","Producer Price (USD/tonne)","71","Rye","2018","2018","7021","Annual value","USD","151.3","","Official data"
"PP","Producer Prices","33","Canada","5532","Producer Price (USD/tonne)","15","Wheat","2018","2018","7021","Annual value","USD","190.1","","Official data"
"PP","Producer Prices","39","Chad","5532","Producer Price (USD/tonne)","108","Cereals nes","2018","2018","7021","Annual value","USD","313.3","","Official data"
"PP","Producer Prices","39","Chad","5532","Producer Price (USD/tonne)","56","Maize","2018","2018","7021","Annual value","USD","345.7","","Official data"
"PP","Producer Prices","39","Chad","5532","Producer Price (USD/tonne)","79","Millet","2018","2018","7021","Annual value","USD","336.7","","Official data"
"PP","Producer Prices","39","Chad","5532","Producer Price (USD/tonne)","27","Rice, paddy","2018","2018","7021","Annual value","USD","1004.6","","Official data"
"PP","Producer Prices","39","Chad","5532","Producer Price (USD/tonne)","83","Sorghum","2018","2018","7021","Annual value","USD","280.9","","Official data"
"PP","Producer Prices","39","Chad","5532","Producer Price (USD/tonne)","15","Wheat","2018","2018","7021","Annual value","USD","637.3","","Official data"
"PP","Producer Prices","40","Chile","5532","Producer Price (USD/tonne)","56","Maize","2018","2018","7021","Annual value","USD","209.5","","Official data"
"PP","Producer Prices","40","Chile","5532","Producer Price (USD/tonne)","27","Rice, paddy","2018","2018","7021","Annual value","USD","270.4","","Official data"
"PP","Producer Prices","40","Chile","5532","Producer Price (USD/tonne)","15","Wheat","2018","2018","7021","Annual value","USD","244.6","","Official data"
"PP","Producer Prices","351","China","5532","Producer Price (USD/tonne)","56","Maize","2018","2018","7021","Annual value","USD","398","","Official data"
"PP","Producer Prices","351","China","5532","Producer Price (USD/tonne)","27","Rice, paddy","2018","2018","7021","Annual value","USD","474.8","","Official data"
"PP","Producer Prices","351","China","5532","Producer Price (USD/tonne)","15","Wheat","2018","2018","7021","Annual value","USD","340.8","","Official data"
"PP","Producer Prices","41","China, mainland","5532","Producer Price (USD/tonne)","56","Maize","2018","2018","7021","Annual value","USD","398","","Official data"
"PP","Producer Prices","41","China, mainland","5532","Producer Price (USD/tonne)","27","Rice, paddy","2018","2018","7021","Annual value","USD","474.8","","Official data"
"PP","Producer Prices","41","China, mainland","5532","Producer Price (USD/tonne)","15","Wheat","2018","2018","7021","Annual value","USD","340.8","","Official data"
"PP","Producer Prices","48","Costa Rica","5532","Producer Price (USD/tonne)","56","Maize","2018","2018","7021","Annual value","USD","400.7","","Official data"
"PP","Producer Prices","48","Costa Rica","5532","Producer Price (USD/tonne)","27","Rice, paddy","2018","2018","7021","Annual value","USD","474.5","","Official data"
"PP","Producer Prices","98","Croatia","5532","Producer Price (USD/tonne)","44","Barley","2018","2018","7021","Annual value","USD","176","","Official data"
"PP","Producer Prices","98","Croatia","5532","Producer Price (USD/tonne)","56","Maize","2018","2018","7021","Annual value","USD","152.2","","Official data"
"PP","Producer Prices","98","Croatia","5532","Producer Price (USD/tonne)","75","Oats","2018","2018","7021","Annual value","USD","144.4","","Official data"
"PP","Producer Prices","98","Croatia","5532","Producer Price (USD/tonne)","71","Rye","2018","2018","7021","Annual value","USD","177.6","","Official data"
"PP","Producer Prices","98","Croatia","5532","Producer Price (USD/tonne)","97","Triticale","2018","2018","7021","Annual value","USD","154.5","","Official data"
"PP","Producer Prices","98","Croatia","5532","Producer Price (USD/tonne)","15","Wheat","2018","2018","7021","Annual value","USD","172.6","","Official data"
"PP","Producer Prices","50","Cyprus","5532","Producer Price (USD/tonne)","44","Barley","2018","2018","7021","Annual value","USD","223.2","","Official data"
"PP","Producer Prices","50","Cyprus","5532","Producer Price (USD/tonne)","75","Oats","2018","2018","7021","Annual value","USD","374.6","","Official data"
"PP","Producer Prices","50","Cyprus","5532","Producer Price (USD/tonne)","97","Triticale","2018","2018","7021","Annual value","USD","263.3","","Official data"
"PP","Producer Prices","50","Cyprus","5532","Producer Price (USD/tonne)","15","Wheat","2018","2018","7021","Annual value","USD","307.4","","Official data"
"PP","Producer Prices","167","Czechia","5532","Producer Price (USD/tonne)","44","Barley","2018","2018","7021","Annual value","USD","200.1","","Official data"
"PP","Producer Prices","167","Czechia","5532","Producer Price (USD/tonne)","56","Maize","2018","2018","7021","Annual value","USD","185","","Official data"
"PP","Producer Prices","167","Czechia","5532","Producer Price (USD/tonne)","75","Oats","2018","2018","7021","Annual value","USD","262.4","","Official data"
"PP","Producer Prices","167","Czechia","5532","Producer Price (USD/tonne)","71","Rye","2018","2018","7021","Annual value","USD","192.1","","Official data"
"PP","Producer Prices","167","Czechia","5532","Producer Price (USD/tonne)","97","Triticale","2018","2018","7021","Annual value","USD","166.5","","Official data"
"PP","Producer Prices","167","Czechia","5532","Producer Price (USD/tonne)","15","Wheat","2018","2018","7021","Annual value","USD","184.1","","Official data"
"PP","Producer Prices","54","Denmark","5532","Producer Price (USD/tonne)","44","Barley","2018","2018","7021","Annual value","USD","203.5","","Official data"
"PP","Producer Prices","54","Denmark","5532","Producer Price (USD/tonne)","75","Oats","2018","2018","7021","Annual value","USD","192.3","","Official data"
"PP","Producer Prices","54","Denmark","5532","Producer Price (USD/tonne)","71","Rye","2018","2018","7021","Annual value","USD","188.9","","Official data"
"PP","Producer Prices","54","Denmark","5532","Producer Price (USD/tonne)","97","Triticale","2018","2018","7021","Annual value","USD","198.6","","Official data"
"PP","Producer Prices","54","Denmark","5532","Producer Price (USD/tonne)","15","Wheat","2018","2018","7021","Annual value","USD","198.9","","Official data"
"PP","Producer Prices","56","Dominican Republic","5532","Producer Price (USD/tonne)","56","Maize","2018","2018","7021","Annual value","USD","404.1","","Official data"
"PP","Producer Prices","56","Dominican Republic","5532","Producer Price (USD/tonne)","27","Rice, paddy","2018","2018","7021","Annual value","USD","381.1","","Official data"
"PP","Producer Prices","58","Ecuador","5532","Producer Price (USD/tonne)","44","Barley","2018","2018","7021","Annual value","USD","391.7","","Official data"
"PP","Producer Prices","58","Ecuador","5532","Producer Price (USD/tonne)","56","Maize","2018","2018","7021","Annual value","USD","314","","Official data"
"PP","Producer Prices","58","Ecuador","5532","Producer Price (USD/tonne)","92","Quinoa","2018","2018","7021","Annual value","USD","1208.9","","Official data"
"PP","Producer Prices","58","Ecuador","5532","Producer Price (USD/tonne)","27","Rice, paddy","2018","2018","7021","Annual value","USD","292.5","","Official data"
"PP","Producer Prices","58","Ecuador","5532","Producer Price (USD/tonne)","15","Wheat","2018","2018","7021","Annual value","USD","396.8","","Official data"
"PP","Producer Prices","59","Egypt","5532","Producer Price (USD/tonne)","44","Barley","2018","2018","7021","Annual value","USD","254.2","","Official data"
"PP","Producer Prices","59","Egypt","5532","Producer Price (USD/tonne)","56","Maize","2018","2018","7021","Annual value","USD","165.1","","Official data"
"PP","Producer Prices","59","Egypt","5532","Producer Price (USD/tonne)","27","Rice, paddy","2018","2018","7021","Annual value","USD","199.9","","Official data"
"PP","Producer Prices","59","Egypt","5532","Producer Price (USD/tonne)","83","Sorghum","2018","2018","7021","Annual value","USD","166","","Official data"
"PP","Producer Prices","59","Egypt","5532","Producer Price (USD/tonne)","15","Wheat","2018","2018","7021","Annual value","USD","212.2","","Official data"
"PP","Producer Prices","60","El Salvador","5532","Producer Price (USD/tonne)","56","Maize","2018","2018","7021","Annual value","USD","339.5","","Official data"
"PP","Producer Prices","60","El Salvador","5532","Producer Price (USD/tonne)","27","Rice, paddy","2018","2018","7021","Annual value","USD","371.7","","Official data"
"PP","Producer Prices","60","El Salvador","5532","Producer Price (USD/tonne)","83","Sorghum","2018","2018","7021","Annual value","USD","365.2","","Official data"
"PP","Producer Prices","63","Estonia","5532","Producer Price (USD/tonne)","44","Barley","2018","2018","7021","Annual value","USD","187","","Official data"
"PP","Producer Prices","63","Estonia","5532","Producer Price (USD/tonne)","75","Oats","2018","2018","7021","Annual value","USD","208.7","","Official data"
"PP","Producer Prices","63","Estonia","5532","Producer Price (USD/tonne)","71","Rye","2018","2018","7021","Annual value","USD","159.1","","Official data"
"PP","Producer Prices","63","Estonia","5532","Producer Price (USD/tonne)","15","Wheat","2018","2018","7021","Annual value","USD","194.2","","Official data"
"PP","Producer Prices","238","Ethiopia","5532","Producer Price (USD/tonne)","44","Barley","2018","2018","7021","Annual value","USD","303.3","","Official data"
"PP","Producer Prices","238","Ethiopia","5532","Producer Price (USD/tonne)","56","Maize","2018","2018","7021","Annual value","USD","205.6","","Official data"
"PP","Producer Prices","238","Ethiopia","5532","Producer Price (USD/tonne)","79","Millet","2018","2018","7021","Annual value","USD","277.4","","Official data"
"PP","Producer Prices","238","Ethiopia","5532","Producer Price (USD/tonne)","75","Oats","2018","2018","7021","Annual value","USD","424","","Official data"
"PP","Producer Prices","238","Ethiopia","5532","Producer Price (USD/tonne)","27","Rice, paddy","2018","2018","7021","Annual value","USD","355.8","","Official data"
"PP","Producer Prices","238","Ethiopia","5532","Producer Price (USD/tonne)","83","Sorghum","2018","2018","7021","Annual value","USD","278.5","","Official data"
"PP","Producer Prices","238","Ethiopia","5532","Producer Price (USD/tonne)","15","Wheat","2018","2018","7021","Annual value","USD","305.9","","Official data"
"PP","Producer Prices","66","Fiji","5532","Producer Price (USD/tonne)","56","Maize","2018","2018","7021","Annual value","USD","766.5","","Official data"
"PP","Producer Prices","66","Fiji","5532","Producer Price (USD/tonne)","27","Rice, paddy","2018","2018","7021","Annual value","USD","455.1","","Official data"
"PP","Producer Prices","67","Finland","5532","Producer Price (USD/tonne)","44","Barley","2018","2018","7021","Annual value","USD","201.9","","Official data"
"PP","Producer Prices","67","Finland","5532","Producer Price (USD/tonne)","75","Oats","2018","2018","7021","Annual value","USD","210.2","","Official data"
"PP","Producer Prices","67","Finland","5532","Producer Price (USD/tonne)","71","Rye","2018","2018","7021","Annual value","USD","209","","Official data"
"PP","Producer Prices","67","Finland","5532","Producer Price (USD/tonne)","15","Wheat","2018","2018","7021","Annual value","USD","236.2","","Official data"
"PP","Producer Prices","68","France","5532","Producer Price (USD/tonne)","44","Barley","2018","2018","7021","Annual value","USD","195.2","","Official data"
"PP","Producer Prices","68","France","5532","Producer Price (USD/tonne)","56","Maize","2018","2018","7021","Annual value","USD","186.7","","Official data"
"PP","Producer Prices","68","France","5532","Producer Price (USD/tonne)","75","Oats","2018","2018","7021","Annual value","USD","145.7","","Official data"
"PP","Producer Prices","68","France","5532","Producer Price (USD/tonne)","27","Rice, paddy","2018","2018","7021","Annual value","USD","372.1","","Official data"
"PP","Producer Prices","68","France","5532","Producer Price (USD/tonne)","71","Rye","2018","2018","7021","Annual value","USD","246","","Official data"
"PP","Producer Prices","68","France","5532","Producer Price (USD/tonne)","83","Sorghum","2018","2018","7021","Annual value","USD","187.2","","Official data"
"PP","Producer Prices","68","France","5532","Producer Price (USD/tonne)","97","Triticale","2018","2018","7021","Annual value","USD","171","","Official data"
"PP","Producer Prices","68","France","5532","Producer Price (USD/tonne)","15","Wheat","2018","2018","7021","Annual value","USD","195.1","","Official data"
"PP","Producer Prices","75","Gambia","5532","Producer Price (USD/tonne)","94","Fonio","2018","2018","7021","Annual value","USD","1944.7","","Official data"
"PP","Producer Prices","75","Gambia","5532","Producer Price (USD/tonne)","56","Maize","2018","2018","7021","Annual value","USD","436.2","","Official data"
"PP","Producer Prices","75","Gambia","5532","Producer Price (USD/tonne)","79","Millet","2018","2018","7021","Annual value","USD","418.9","","Official data"
"PP","Producer Prices","75","Gambia","5532","Producer Price (USD/tonne)","27","Rice, paddy","2018","2018","7021","Annual value","USD","617.5","","Official data"
"PP","Producer Prices","75","Gambia","5532","Producer Price (USD/tonne)","83","Sorghum","2018","2018","7021","Annual value","USD","506.7","","Official data"
"PP","Producer Prices","73","Georgia","5532","Producer Price (USD/tonne)","44","Barley","2018","2018","7021","Annual value","USD","180","","Official data"
"PP","Producer Prices","73","Georgia","5532","Producer Price (USD/tonne)","56","Maize","2018","2018","7021","Annual value","USD","200","","Official data"
"PP","Producer Prices","73","Georgia","5532","Producer Price (USD/tonne)","15","Wheat","2018","2018","7021","Annual value","USD","179.9","","Official data"
"PP","Producer Prices","79","Germany","5532","Producer Price (USD/tonne)","44","Barley","2018","2018","7021","Annual value","USD","195.4","","Official data"
"PP","Producer Prices","79","Germany","5532","Producer Price (USD/tonne)","56","Maize","2018","2018","7021","Annual value","USD","194.9","","Official data"
"PP","Producer Prices","79","Germany","5532","Producer Price (USD/tonne)","75","Oats","2018","2018","7021","Annual value","USD","182.8","","Official data"
"PP","Producer Prices","79","Germany","5532","Producer Price (USD/tonne)","71","Rye","2018","2018","7021","Annual value","USD","188.8","","Official data"
"PP","Producer Prices","79","Germany","5532","Producer Price (USD/tonne)","97","Triticale","2018","2018","7021","Annual value","USD","188.7","","Official data"
"PP","Producer Prices","79","Germany","5532","Producer Price (USD/tonne)","15","Wheat","2018","2018","7021","Annual value","USD","198.9","","Official data"
"PP","Producer Prices","81","Ghana","5532","Producer Price (USD/tonne)","56","Maize","2018","2018","7021","Annual value","USD","283.4","","Official data"
"PP","Producer Prices","81","Ghana","5532","Producer Price (USD/tonne)","79","Millet","2018","2018","7021","Annual value","USD","383.1","","Official data"
"PP","Producer Prices","81","Ghana","5532","Producer Price (USD/tonne)","27","Rice, paddy","2018","2018","7021","Annual value","USD","322.4","","Official data"
"PP","Producer Prices","81","Ghana","5532","Producer Price (USD/tonne)","83","Sorghum","2018","2018","7021","Annual value","USD","314.8","","Official data"
"PP","Producer Prices","84","Greece","5532","Producer Price (USD/tonne)","44","Barley","2018","2018","7021","Annual value","USD","184.3","","Official data"
"PP","Producer Prices","84","Greece","5532","Producer Price (USD/tonne)","56","Maize","2018","2018","7021","Annual value","USD","251.6","","Official data"
"PP","Producer Prices","84","Greece","5532","Producer Price (USD/tonne)","75","Oats","2018","2018","7021","Annual value","USD","201.1","","Official data"
"PP","Producer Prices","84","Greece","5532","Producer Price (USD/tonne)","27","Rice, paddy","2018","2018","7021","Annual value","USD","272","","Official data"
"PP","Producer Prices","84","Greece","5532","Producer Price (USD/tonne)","71","Rye","2018","2018","7021","Annual value","USD","162.8","","Official data"
"PP","Producer Prices","84","Greece","5532","Producer Price (USD/tonne)","15","Wheat","2018","2018","7021","Annual value","USD","221","","Official data"
"PP","Producer Prices","86","Grenada","5532","Producer Price (USD/tonne)","56","Maize","2018","2018","7021","Annual value","USD","979","","Official data"
"PP","Producer Prices","90","Guinea","5532","Producer Price (USD/tonne)","94","Fonio","2018","2018","7021","Annual value","USD","119.5","","Official data"
"PP","Producer Prices","90","Guinea","5532","Producer Price (USD/tonne)","56","Maize","2018","2018","7021","Annual value","USD","125.1","","Official data"
"PP","Producer Prices","90","Guinea","5532","Producer Price (USD/tonne)","79","Millet","2018","2018","7021","Annual value","USD","69.8","","Official data"
"PP","Producer Prices","90","Guinea","5532","Producer Price (USD/tonne)","27","Rice, paddy","2018","2018","7021","Annual value","USD","195.1","","Official data"
"PP","Producer Prices","90","Guinea","5532","Producer Price (USD/tonne)","83","Sorghum","2018","2018","7021","Annual value","USD","69.8","","Official data"
"PP","Producer Prices","97","Hungary","5532","Producer Price (USD/tonne)","44","Barley","2018","2018","7021","Annual value","USD","159.9","","Official data"
"PP","Producer Prices","97","Hungary","5532","Producer Price (USD/tonne)","101","Canary seed","2018","2018","7021","Annual value","USD","431","","Official data"
"PP","Producer Prices","97","Hungary","5532","Producer Price (USD/tonne)","56","Maize","2018","2018","7021","Annual value","USD","170.6","","Official data"
"PP","Producer Prices","97","Hungary","5532","Producer Price (USD/tonne)","79","Millet","2018","2018","7021","Annual value","USD","295.7","","Official data"
"PP","Producer Prices","97","Hungary","5532","Producer Price (USD/tonne)","75","Oats","2018","2018","7021","Annual value","USD","180.7","","Official data"
"PP","Producer Prices","97","Hungary","5532","Producer Price (USD/tonne)","71","Rye","2018","2018","7021","Annual value","USD","170.6","","Official data"
"PP","Producer Prices","97","Hungary","5532","Producer Price (USD/tonne)","83","Sorghum","2018","2018","7021","Annual value","USD","161.4","","Official data"
"PP","Producer Prices","97","Hungary","5532","Producer Price (USD/tonne)","97","Triticale","2018","2018","7021","Annual value","USD","155.3","","Official data"
"PP","Producer Prices","97","Hungary","5532","Producer Price (USD/tonne)","15","Wheat","2018","2018","7021","Annual value","USD","181.2","","Official data"
"PP","Producer Prices","101","Indonesia","5532","Producer Price (USD/tonne)","56","Maize","2018","2018","7021","Annual value","USD","318.3","","Official data"
"PP","Producer Prices","101","Indonesia","5532","Producer Price (USD/tonne)","27","Rice, paddy","2018","2018","7021","Annual value","USD","364.9","","Official data"
"PP","Producer Prices","102","Iran (Islamic Republic of)","5532","Producer Price (USD/tonne)","44","Barley","2018","2018","7021","Annual value","USD","288.5","","Official data"
"PP","Producer Prices","102","Iran (Islamic Republic of)","5532","Producer Price (USD/tonne)","56","Maize","2018","2018","7021","Annual value","USD","351.6","","Official data"
"PP","Producer Prices","102","Iran (Islamic Republic of)","5532","Producer Price (USD/tonne)","79","Millet","2018","2018","7021","Annual value","USD","788.7","","Official data"
"PP","Producer Prices","102","Iran (Islamic Republic of)","5532","Producer Price (USD/tonne)","27","Rice, paddy","2018","2018","7021","Annual value","USD","1186.3","","Official data"
"PP","Producer Prices","102","Iran (Islamic Republic of)","5532","Producer Price (USD/tonne)","15","Wheat","2018","2018","7021","Annual value","USD","319.4","","Official data"
"PP","Producer Prices","103","Iraq","5532","Producer Price (USD/tonne)","44","Barley","2018","2018","7021","Annual value","USD","312","","Official data"
"PP","Producer Prices","103","Iraq","5532","Producer Price (USD/tonne)","56","Maize","2018","2018","7021","Annual value","USD","470.9","","Official data"
"PP","Producer Prices","103","Iraq","5532","Producer Price (USD/tonne)","79","Millet","2018","2018","7021","Annual value","USD","478.5","","Official data"
"PP","Producer Prices","103","Iraq","5532","Producer Price (USD/tonne)","75","Oats","2018","2018","7021","Annual value","USD","646.8","","Official data"
"PP","Producer Prices","103","Iraq","5532","Producer Price (USD/tonne)","27","Rice, paddy","2018","2018","7021","Annual value","USD","574.9","","Official data"
"PP","Producer Prices","103","Iraq","5532","Producer Price (USD/tonne)","83","Sorghum","2018","2018","7021","Annual value","USD","590.2","","Official data"
"PP","Producer Prices","103","Iraq","5532","Producer Price (USD/tonne)","15","Wheat","2018","2018","7021","Annual value","USD","366.1","","Official data"
"PP","Producer Prices","104","Ireland","5532","Producer Price (USD/tonne)","75","Oats","2018","2018","7021","Annual value","USD","241.4","","Official data"
"PP","Producer Prices","104","Ireland","5532","Producer Price (USD/tonne)","15","Wheat","2018","2018","7021","Annual value","USD","240.3","","Official data"
"PP","Producer Prices","105","Israel","5532","Producer Price (USD/tonne)","44","Barley","2018","2018","7021","Annual value","USD","323.6","","Official data"
"PP","Producer Prices","105","Israel","5532","Producer Price (USD/tonne)","56","Maize","2018","2018","7021","Annual value","USD","1116","","Official data"
"PP","Producer Prices","105","Israel","5532","Producer Price (USD/tonne)","15","Wheat","2018","2018","7021","Annual value","USD","283.8","","Official data"
"PP","Producer Prices","106","Italy","5532","Producer Price (USD/tonne)","56","Maize","2018","2018","7021","Annual value","USD","224.1","","Official data"
"PP","Producer Prices","106","Italy","5532","Producer Price (USD/tonne)","75","Oats","2018","2018","7021","Annual value","USD","272.4","","Official data"
"PP","Producer Prices","106","Italy","5532","Producer Price (USD/tonne)","27","Rice, paddy","2018","2018","7021","Annual value","USD","403.9","","Official data"
"PP","Producer Prices","106","Italy","5532","Producer Price (USD/tonne)","15","Wheat","2018","2018","7021","Annual value","USD","234","","Official data"
"PP","Producer Prices","109","Jamaica","5532","Producer Price (USD/tonne)","56","Maize","2018","2018","7021","Annual value","USD","3741.6","","Official data"
"PP","Producer Prices","110","Japan","5532","Producer Price (USD/tonne)","44","Barley","2018","2018","7021","Annual value","USD","1276.2","","Official data"
"PP","Producer Prices","110","Japan","5532","Producer Price (USD/tonne)","89","Buckwheat","2018","2018","7021","Annual value","USD","3356.8","","Official data"
"PP","Producer Prices","110","Japan","5532","Producer Price (USD/tonne)","27","Rice, paddy","2018","2018","7021","Annual value","USD","2184","","Official data"
"PP","Producer Prices","110","Japan","5532","Producer Price (USD/tonne)","15","Wheat","2018","2018","7021","Annual value","USD","379.3","","Official data"
"PP","Producer Prices","112","Jordan","5532","Producer Price (USD/tonne)","44","Barley","2018","2018","7021","Annual value","USD","481.1","","Official data"
"PP","Producer Prices","112","Jordan","5532","Producer Price (USD/tonne)","56","Maize","2018","2018","7021","Annual value","USD","253.1","","Official data"
"PP","Producer Prices","112","Jordan","5532","Producer Price (USD/tonne)","15","Wheat","2018","2018","7021","Annual value","USD","553.9","","Official data"
"PP","Producer Prices","108","Kazakhstan","5532","Producer Price (USD/tonne)","44","Barley","2018","2018","7021","Annual value","USD","100.8","","Official data"
"PP","Producer Prices","108","Kazakhstan","5532","Producer Price (USD/tonne)","89","Buckwheat","2018","2018","7021","Annual value","USD","198.8","","Official data"
"PP","Producer Prices","108","Kazakhstan","5532","Producer Price (USD/tonne)","56","Maize","2018","2018","7021","Annual value","USD","113.7","","Official data"
"PP","Producer Prices","108","Kazakhstan","5532","Producer Price (USD/tonne)","79","Millet","2018","2018","7021","Annual value","USD","139.9","","Official data"
"PP","Producer Prices","108","Kazakhstan","5532","Producer Price (USD/tonne)","75","Oats","2018","2018","7021","Annual value","USD","75.2","","Official data"
"PP","Producer Prices","108","Kazakhstan","5532","Producer Price (USD/tonne)","27","Rice, paddy","2018","2018","7021","Annual value","USD","168.9","","Official data"
"PP","Producer Prices","108","Kazakhstan","5532","Producer Price (USD/tonne)","71","Rye","2018","2018","7021","Annual value","USD","88.6","","Official data"
"PP","Producer Prices","108","Kazakhstan","5532","Producer Price (USD/tonne)","15","Wheat","2018","2018","7021","Annual value","USD","116.3","","Official data"
"PP","Producer Prices","118","Kuwait","5532","Producer Price (USD/tonne)","44","Barley","2018","2018","7021","Annual value","USD","529.8","","Official data"
"PP","Producer Prices","118","Kuwait","5532","Producer Price (USD/tonne)","56","Maize","2018","2018","7021","Annual value","USD","778.1","","Official data"
"PP","Producer Prices","118","Kuwait","5532","Producer Price (USD/tonne)","15","Wheat","2018","2018","7021","Annual value","USD","827.8","","Official data"
"PP","Producer Prices","113","Kyrgyzstan","5532","Producer Price (USD/tonne)","44","Barley","2018","2018","7021","Annual value","USD","152.1","","Official data"
"PP","Producer Prices","113","Kyrgyzstan","5532","Producer Price (USD/tonne)","56","Maize","2018","2018","7021","Annual value","USD","219.3","","Official data"
"PP","Producer Prices","113","Kyrgyzstan","5532","Producer Price (USD/tonne)","75","Oats","2018","2018","7021","Annual value","USD","163.6","","Official data"
"PP","Producer Prices","113","Kyrgyzstan","5532","Producer Price (USD/tonne)","27","Rice, paddy","2018","2018","7021","Annual value","USD","970","","Official data"
"PP","Producer Prices","113","Kyrgyzstan","5532","Producer Price (USD/tonne)","15","Wheat","2018","2018","7021","Annual value","USD","182.4","","Official data"
"PP","Producer Prices","119","Latvia","5532","Producer Price (USD/tonne)","44","Barley","2018","2018","7021","Annual value","USD","191.3","","Official data"
"PP","Producer Prices","119","Latvia","5532","Producer Price (USD/tonne)","89","Buckwheat","2018","2018","7021","Annual value","USD","198.4","","Official data"
"PP","Producer Prices","119","Latvia","5532","Producer Price (USD/tonne)","103","Grain, mixed","2018","2018","7021","Annual value","USD","153.5","","Official data"
"PP","Producer Prices","119","Latvia","5532","Producer Price (USD/tonne)","75","Oats","2018","2018","7021","Annual value","USD","178.3","","Official data"
"PP","Producer Prices","119","Latvia","5532","Producer Price (USD/tonne)","71","Rye","2018","2018","7021","Annual value","USD","167.7","","Official data"
"PP","Producer Prices","119","Latvia","5532","Producer Price (USD/tonne)","97","Triticale","2018","2018","7021","Annual value","USD","166.5","","Official data"
"PP","Producer Prices","119","Latvia","5532","Producer Price (USD/tonne)","15","Wheat","2018","2018","7021","Annual value","USD","203.1","","Official data"
"PP","Producer Prices","121","Lebanon","5532","Producer Price (USD/tonne)","15","Wheat","2018","2018","7021","Annual value","USD","391.4","","Official data"
"PP","Producer Prices","126","Lithuania","5532","Producer Price (USD/tonne)","44","Barley","2018","2018","7021","Annual value","USD","201.5","","Official data"
"PP","Producer Prices","126","Lithuania","5532","Producer Price (USD/tonne)","89","Buckwheat","2018","2018","7021","Annual value","USD","223","","Official data"
"PP","Producer Prices","126","Lithuania","5532","Producer Price (USD/tonne)","103","Grain, mixed","2018","2018","7021","Annual value","USD","200.8","","Official data"
"PP","Producer Prices","126","Lithuania","5532","Producer Price (USD/tonne)","56","Maize","2018","2018","7021","Annual value","USD","182.5","","Official data"
"PP","Producer Prices","126","Lithuania","5532","Producer Price (USD/tonne)","75","Oats","2018","2018","7021","Annual value","USD","169.7","","Official data"
"PP","Producer Prices","126","Lithuania","5532","Producer Price (USD/tonne)","71","Rye","2018","2018","7021","Annual value","USD","166.7","","Official data"
"PP","Producer Prices","126","Lithuania","5532","Producer Price (USD/tonne)","97","Triticale","2018","2018","7021","Annual value","USD","177.1","","Official data"
"PP","Producer Prices","126","Lithuania","5532","Producer Price (USD/tonne)","15","Wheat","2018","2018","7021","Annual value","USD","202.8","","Official data"
"PP","Producer Prices","256","Luxembourg","5532","Producer Price (USD/tonne)","44","Barley","2018","2018","7021","Annual value","USD","179.3","","Official data"
"PP","Producer Prices","256","Luxembourg","5532","Producer Price (USD/tonne)","103","Grain, mixed","2018","2018","7021","Annual value","USD","166.9","","Official data"
"PP","Producer Prices","256","Luxembourg","5532","Producer Price (USD/tonne)","56","Maize","2018","2018","7021","Annual value","USD","183","","Official data"
"PP","Producer Prices","256","Luxembourg","5532","Producer Price (USD/tonne)","75","Oats","2018","2018","7021","Annual value","USD","166.9","","Official data"
"PP","Producer Prices","256","Luxembourg","5532","Producer Price (USD/tonne)","71","Rye","2018","2018","7021","Annual value","USD","184.8","","Official data"
"PP","Producer Prices","256","Luxembourg","5532","Producer Price (USD/tonne)","97","Triticale","2018","2018","7021","Annual value","USD","176.7","","Official data"
"PP","Producer Prices","256","Luxembourg","5532","Producer Price (USD/tonne)","15","Wheat","2018","2018","7021","Annual value","USD","211.7","","Official data"
"PP","Producer Prices","131","Malaysia","5532","Producer Price (USD/tonne)","27","Rice, paddy","2018","2018","7021","Annual value","USD","297.4","","Official data"
"PP","Producer Prices","133","Mali","5532","Producer Price (USD/tonne)","94","Fonio","2018","2018","7021","Annual value","USD","864.2","","Official data"
"PP","Producer Prices","133","Mali","5532","Producer Price (USD/tonne)","56","Maize","2018","2018","7021","Annual value","USD","242.4","","Official data"
"PP","Producer Prices","133","Mali","5532","Producer Price (USD/tonne)","79","Millet","2018","2018","7021","Annual value","USD","322.6","","Official data"
"PP","Producer Prices","133","Mali","5532","Producer Price (USD/tonne)","27","Rice, paddy","2018","2018","7021","Annual value","USD","298.6","","Official data"
"PP","Producer Prices","133","Mali","5532","Producer Price (USD/tonne)","83","Sorghum","2018","2018","7021","Annual value","USD","308.9","","Official data"
"PP","Producer Prices","138","Mexico","5532","Producer Price (USD/tonne)","44","Barley","2018","2018","7021","Annual value","USD","228.9","","Official data"
"PP","Producer Prices","138","Mexico","5532","Producer Price (USD/tonne)","101","Canary seed","2018","2018","7021","Annual value","USD","605.3","","Official data"
"PP","Producer Prices","138","Mexico","5532","Producer Price (USD/tonne)","56","Maize","2018","2018","7021","Annual value","USD","200.6","","Official data"
"PP","Producer Prices","138","Mexico","5532","Producer Price (USD/tonne)","75","Oats","2018","2018","7021","Annual value","USD","268.2","","Official data"
"PP","Producer Prices","138","Mexico","5532","Producer Price (USD/tonne)","27","Rice, paddy","2018","2018","7021","Annual value","USD","232.9","","Official data"
"PP","Producer Prices","138","Mexico","5532","Producer Price (USD/tonne)","71","Rye","2018","2018","7021","Annual value","USD","187.1","","Official data"
"PP","Producer Prices","138","Mexico","5532","Producer Price (USD/tonne)","83","Sorghum","2018","2018","7021","Annual value","USD","183.3","","Official data"
"PP","Producer Prices","138","Mexico","5532","Producer Price (USD/tonne)","97","Triticale","2018","2018","7021","Annual value","USD","188.7","","Official data"
"PP","Producer Prices","138","Mexico","5532","Producer Price (USD/tonne)","15","Wheat","2018","2018","7021","Annual value","USD","212.2","","Official data"
"PP","Producer Prices","141","Mongolia","5532","Producer Price (USD/tonne)","44","Barley","2018","2018","7021","Annual value","USD","250.3","","Official data"
"PP","Producer Prices","141","Mongolia","5532","Producer Price (USD/tonne)","75","Oats","2018","2018","7021","Annual value","USD","154.7","","Official data"
"PP","Producer Prices","141","Mongolia","5532","Producer Price (USD/tonne)","15","Wheat","2018","2018","7021","Annual value","USD","194.7","","Official data"
"PP","Producer Prices","143","Morocco","5532","Producer Price (USD/tonne)","44","Barley","2018","2018","7021","Annual value","USD","201.9","","Official data"
"PP","Producer Prices","143","Morocco","5532","Producer Price (USD/tonne)","56","Maize","2018","2018","7021","Annual value","USD","296.5","","Official data"
"PP","Producer Prices","143","Morocco","5532","Producer Price (USD/tonne)","75","Oats","2018","2018","7021","Annual value","USD","318.1","","Official data"
"PP","Producer Prices","143","Morocco","5532","Producer Price (USD/tonne)","83","Sorghum","2018","2018","7021","Annual value","USD","376.2","","Official data"
"PP","Producer Prices","143","Morocco","5532","Producer Price (USD/tonne)","15","Wheat","2018","2018","7021","Annual value","USD","253.9","","Official data"
"PP","Producer Prices","147","Namibia","5532","Producer Price (USD/tonne)","56","Maize","2018","2018","7021","Annual value","USD","364.8","","Official data"
"PP","Producer Prices","147","Namibia","5532","Producer Price (USD/tonne)","79","Millet","2018","2018","7021","Annual value","USD","394.7","","Official data"
"PP","Producer Prices","147","Namibia","5532","Producer Price (USD/tonne)","15","Wheat","2018","2018","7021","Annual value","USD","344.9","","Official data"
"PP","Producer Prices","149","Nepal","5532","Producer Price (USD/tonne)","44","Barley","2018","2018","7021","Annual value","USD","303.6","","Official data"
"PP","Producer Prices","149","Nepal","5532","Producer Price (USD/tonne)","56","Maize","2018","2018","7021","Annual value","USD","246.3","","Official data"
"PP","Producer Prices","149","Nepal","5532","Producer Price (USD/tonne)","79","Millet","2018","2018","7021","Annual value","USD","312.5","","Official data"
"PP","Producer Prices","149","Nepal","5532","Producer Price (USD/tonne)","27","Rice, paddy","2018","2018","7021","Annual value","USD","249.7","","Official data"
"PP","Producer Prices","149","Nepal","5532","Producer Price (USD/tonne)","15","Wheat","2018","2018","7021","Annual value","USD","275.7","","Official data"
"PP","Producer Prices","150","Netherlands","5532","Producer Price (USD/tonne)","44","Barley","2018","2018","7021","Annual value","USD","219","","Official data"
"PP","Producer Prices","150","Netherlands","5532","Producer Price (USD/tonne)","97","Triticale","2018","2018","7021","Annual value","USD","210.1","","Official data"
"PP","Producer Prices","150","Netherlands","5532","Producer Price (USD/tonne)","15","Wheat","2018","2018","7021","Annual value","USD","213.8","","Official data"
"PP","Producer Prices","153","New Caledonia","5532","Producer Price (USD/tonne)","56","Maize","2018","2018","7021","Annual value","USD","544.3","","Official data"
"PP","Producer Prices","153","New Caledonia","5532","Producer Price (USD/tonne)","27","Rice, paddy","2018","2018","7021","Annual value","USD","791.1","","Official data"
"PP","Producer Prices","153","New Caledonia","5532","Producer Price (USD/tonne)","83","Sorghum","2018","2018","7021","Annual value","USD","542.9","","Official data"
"PP","Producer Prices","153","New Caledonia","5532","Producer Price (USD/tonne)","15","Wheat","2018","2018","7021","Annual value","USD","449.8","","Official data"
"PP","Producer Prices","156","New Zealand","5532","Producer Price (USD/tonne)","44","Barley","2018","2018","7021","Annual value","USD","268.5","","Official data"
"PP","Producer Prices","156","New Zealand","5532","Producer Price (USD/tonne)","56","Maize","2018","2018","7021","Annual value","USD","298.2","","Official data"
"PP","Producer Prices","156","New Zealand","5532","Producer Price (USD/tonne)","75","Oats","2018","2018","7021","Annual value","USD","221.4","","Official data"
"PP","Producer Prices","156","New Zealand","5532","Producer Price (USD/tonne)","15","Wheat","2018","2018","7021","Annual value","USD","256.7","","Official data"
"PP","Producer Prices","154","North Macedonia","5532","Producer Price (USD/tonne)","44","Barley","2018","2018","7021","Annual value","USD","173.1","","Official data"
"PP","Producer Prices","154","North Macedonia","5532","Producer Price (USD/tonne)","56","Maize","2018","2018","7021","Annual value","USD","163.5","","Official data"
"PP","Producer Prices","154","North Macedonia","5532","Producer Price (USD/tonne)","75","Oats","2018","2018","7021","Annual value","USD","256.9","","Official data"
"PP","Producer Prices","154","North Macedonia","5532","Producer Price (USD/tonne)","27","Rice, paddy","2018","2018","7021","Annual value","USD","330.7","","Official data"
"PP","Producer Prices","154","North Macedonia","5532","Producer Price (USD/tonne)","71","Rye","2018","2018","7021","Annual value","USD","200","","Official data"
"PP","Producer Prices","154","North Macedonia","5532","Producer Price (USD/tonne)","15","Wheat","2018","2018","7021","Annual value","USD","195.6","","Official data"
"PP","Producer Prices","162","Norway","5532","Producer Price (USD/tonne)","44","Barley","2018","2018","7021","Annual value","USD","347.5","","Official data"
"PP","Producer Prices","162","Norway","5532","Producer Price (USD/tonne)","75","Oats","2018","2018","7021","Annual value","USD","313.3","","Official data"
"PP","Producer Prices","162","Norway","5532","Producer Price (USD/tonne)","71","Rye","2018","2018","7021","Annual value","USD","327.7","","Official data"
"PP","Producer Prices","162","Norway","5532","Producer Price (USD/tonne)","15","Wheat","2018","2018","7021","Annual value","USD","395.6","","Official data"
"PP","Producer Prices","221","Oman","5532","Producer Price (USD/tonne)","44","Barley","2018","2018","7021","Annual value","USD","213","","Official data"
"PP","Producer Prices","221","Oman","5532","Producer Price (USD/tonne)","56","Maize","2018","2018","7021","Annual value","USD","557.9","","Official data"
"PP","Producer Prices","221","Oman","5532","Producer Price (USD/tonne)","75","Oats","2018","2018","7021","Annual value","USD","234.9","","Official data"
"PP","Producer Prices","221","Oman","5532","Producer Price (USD/tonne)","83","Sorghum","2018","2018","7021","Annual value","USD","130","","Official data"
"PP","Producer Prices","221","Oman","5532","Producer Price (USD/tonne)","15","Wheat","2018","2018","7021","Annual value","USD","929.8","","Official data"
"PP","Producer Prices","299","Palestine","5532","Producer Price (USD/tonne)","44","Barley","2018","2018","7021","Annual value","USD","671","","Official data"
"PP","Producer Prices","299","Palestine","5532","Producer Price (USD/tonne)","56","Maize","2018","2018","7021","Annual value","USD","1139.6","","Official data"
"PP","Producer Prices","299","Palestine","5532","Producer Price (USD/tonne)","83","Sorghum","2018","2018","7021","Annual value","USD","1039.8","","Official data"
"PP","Producer Prices","299","Palestine","5532","Producer Price (USD/tonne)","15","Wheat","2018","2018","7021","Annual value","USD","649.2","","Official data"
"PP","Producer Prices","169","Paraguay","5532","Producer Price (USD/tonne)","56","Maize","2018","2018","7021","Annual value","USD","131.7","","Official data"
"PP","Producer Prices","169","Paraguay","5532","Producer Price (USD/tonne)","27","Rice, paddy","2018","2018","7021","Annual value","USD","200.6","","Official data"
"PP","Producer Prices","169","Paraguay","5532","Producer Price (USD/tonne)","83","Sorghum","2018","2018","7021","Annual value","USD","110.4","","Official data"
"PP","Producer Prices","169","Paraguay","5532","Producer Price (USD/tonne)","15","Wheat","2018","2018","7021","Annual value","USD","170.1","","Official data"
"PP","Producer Prices","170","Peru","5532","Producer Price (USD/tonne)","44","Barley","2018","2018","7021","Annual value","USD","392.5","","Official data"
"PP","Producer Prices","170","Peru","5532","Producer Price (USD/tonne)","56","Maize","2018","2018","7021","Annual value","USD","539.3","","Official data"
"PP","Producer Prices","170","Peru","5532","Producer Price (USD/tonne)","75","Oats","2018","2018","7021","Annual value","USD","465.6","","Official data"
"PP","Producer Prices","170","Peru","5532","Producer Price (USD/tonne)","92","Quinoa","2018","2018","7021","Annual value","USD","1168.3","","Official data"
"PP","Producer Prices","170","Peru","5532","Producer Price (USD/tonne)","27","Rice, paddy","2018","2018","7021","Annual value","USD","303.5","","Official data"
"PP","Producer Prices","170","Peru","5532","Producer Price (USD/tonne)","71","Rye","2018","2018","7021","Annual value","USD","377.1","","Official data"
"PP","Producer Prices","170","Peru","5532","Producer Price (USD/tonne)","83","Sorghum","2018","2018","7021","Annual value","USD","178.8","","Official data"
"PP","Producer Prices","170","Peru","5532","Producer Price (USD/tonne)","15","Wheat","2018","2018","7021","Annual value","USD","487","","Official data"
"PP","Producer Prices","171","Philippines","5532","Producer Price (USD/tonne)","56","Maize","2018","2018","7021","Annual value","USD","270.8","","Official data"
"PP","Producer Prices","171","Philippines","5532","Producer Price (USD/tonne)","27","Rice, paddy","2018","2018","7021","Annual value","USD","387.4","","Official data"
"PP","Producer Prices","173","Poland","5532","Producer Price (USD/tonne)","44","Barley","2018","2018","7021","Annual value","USD","188.3","","Official data"
"PP","Producer Prices","173","Poland","5532","Producer Price (USD/tonne)","89","Buckwheat","2018","2018","7021","Annual value","USD","290.4","","Official data"
"PP","Producer Prices","173","Poland","5532","Producer Price (USD/tonne)","56","Maize","2018","2018","7021","Annual value","USD","171.4","","Official data"
"PP","Producer Prices","173","Poland","5532","Producer Price (USD/tonne)","79","Millet","2018","2018","7021","Annual value","USD","314.3","","Official data"
"PP","Producer Prices","173","Poland","5532","Producer Price (USD/tonne)","75","Oats","2018","2018","7021","Annual value","USD","161.1","","Official data"
"PP","Producer Prices","173","Poland","5532","Producer Price (USD/tonne)","71","Rye","2018","2018","7021","Annual value","USD","165.3","","Official data"
"PP","Producer Prices","173","Poland","5532","Producer Price (USD/tonne)","97","Triticale","2018","2018","7021","Annual value","USD","183","","Official data"
"PP","Producer Prices","173","Poland","5532","Producer Price (USD/tonne)","15","Wheat","2018","2018","7021","Annual value","USD","201","","Official data"
"PP","Producer Prices","174","Portugal","5532","Producer Price (USD/tonne)","44","Barley","2018","2018","7021","Annual value","USD","226.9","","Official data"
"PP","Producer Prices","174","Portugal","5532","Producer Price (USD/tonne)","56","Maize","2018","2018","7021","Annual value","USD","204.5","","Official data"
"PP","Producer Prices","174","Portugal","5532","Producer Price (USD/tonne)","75","Oats","2018","2018","7021","Annual value","USD","184.8","","Official data"
"PP","Producer Prices","174","Portugal","5532","Producer Price (USD/tonne)","27","Rice, paddy","2018","2018","7021","Annual value","USD","368.7","","Official data"
"PP","Producer Prices","174","Portugal","5532","Producer Price (USD/tonne)","71","Rye","2018","2018","7021","Annual value","USD","222.5","","Official data"
"PP","Producer Prices","174","Portugal","5532","Producer Price (USD/tonne)","97","Triticale","2018","2018","7021","Annual value","USD","200.8","","Official data"
"PP","Producer Prices","174","Portugal","5532","Producer Price (USD/tonne)","15","Wheat","2018","2018","7021","Annual value","USD","223.7","","Official data"
"PP","Producer Prices","179","Qatar","5532","Producer Price (USD/tonne)","44","Barley","2018","2018","7021","Annual value","USD","247.3","","Official data"
"PP","Producer Prices","179","Qatar","5532","Producer Price (USD/tonne)","56","Maize","2018","2018","7021","Annual value","USD","274.7","","Official data"
"PP","Producer Prices","179","Qatar","5532","Producer Price (USD/tonne)","15","Wheat","2018","2018","7021","Annual value","USD","274.7","","Official data"
"PP","Producer Prices","117","Republic of Korea","5532","Producer Price (USD/tonne)","27","Rice, paddy","2018","2018","7021","Annual value","USD","2009.5","","Official data"
"PP","Producer Prices","146","Republic of Moldova","5532","Producer Price (USD/tonne)","44","Barley","2018","2018","7021","Annual value","USD","148.9","","Official data"
"PP","Producer Prices","146","Republic of Moldova","5532","Producer Price (USD/tonne)","89","Buckwheat","2018","2018","7021","Annual value","USD","565.4","","Official data"
"PP","Producer Prices","146","Republic of Moldova","5532","Producer Price (USD/tonne)","56","Maize","2018","2018","7021","Annual value","USD","135.6","","Official data"
"PP","Producer Prices","146","Republic of Moldova","5532","Producer Price (USD/tonne)","79","Millet","2018","2018","7021","Annual value","USD","180.7","","Official data"
"PP","Producer Prices","146","Republic of Moldova","5532","Producer Price (USD/tonne)","75","Oats","2018","2018","7021","Annual value","USD","153.1","","Official data"
"PP","Producer Prices","146","Republic of Moldova","5532","Producer Price (USD/tonne)","71","Rye","2018","2018","7021","Annual value","USD","182.1","","Official data"
"PP","Producer Prices","146","Republic of Moldova","5532","Producer Price (USD/tonne)","83","Sorghum","2018","2018","7021","Annual value","USD","134.1","","Official data"
"PP","Producer Prices","146","Republic of Moldova","5532","Producer Price (USD/tonne)","15","Wheat","2018","2018","7021","Annual value","USD","149.2","","Official data"
"PP","Producer Prices","183","Romania","5532","Producer Price (USD/tonne)","44","Barley","2018","2018","7021","Annual value","USD","208","","Official data"
"PP","Producer Prices","183","Romania","5532","Producer Price (USD/tonne)","56","Maize","2018","2018","7021","Annual value","USD","180.1","","Official data"
"PP","Producer Prices","183","Romania","5532","Producer Price (USD/tonne)","75","Oats","2018","2018","7021","Annual value","USD","220.7","","Official data"
"PP","Producer Prices","183","Romania","5532","Producer Price (USD/tonne)","15","Wheat","2018","2018","7021","Annual value","USD","172.5","","Official data"
"PP","Producer Prices","185","Russian Federation","5532","Producer Price (USD/tonne)","44","Barley","2018","2018","7021","Annual value","USD","129.5","","Official data"
"PP","Producer Prices","185","Russian Federation","5532","Producer Price (USD/tonne)","89","Buckwheat","2018","2018","7021","Annual value","USD","120","","Official data"
"PP","Producer Prices","185","Russian Federation","5532","Producer Price (USD/tonne)","56","Maize","2018","2018","7021","Annual value","USD","126.2","","Official data"
"PP","Producer Prices","185","Russian Federation","5532","Producer Price (USD/tonne)","79","Millet","2018","2018","7021","Annual value","USD","188","","Official data"
"PP","Producer Prices","185","Russian Federation","5532","Producer Price (USD/tonne)","75","Oats","2018","2018","7021","Annual value","USD","95.3","","Official data"
"PP","Producer Prices","185","Russian Federation","5532","Producer Price (USD/tonne)","27","Rice, paddy","2018","2018","7021","Annual value","USD","261.8","","Official data"
"PP","Producer Prices","185","Russian Federation","5532","Producer Price (USD/tonne)","71","Rye","2018","2018","7021","Annual value","USD","88.7","","Official data"
"PP","Producer Prices","185","Russian Federation","5532","Producer Price (USD/tonne)","15","Wheat","2018","2018","7021","Annual value","USD","136.2","","Official data"
"PP","Producer Prices","184","Rwanda","5532","Producer Price (USD/tonne)","56","Maize","2018","2018","7021","Annual value","USD","264.6","","Official data"
"PP","Producer Prices","184","Rwanda","5532","Producer Price (USD/tonne)","27","Rice, paddy","2018","2018","7021","Annual value","USD","867.7","","Official data"
"PP","Producer Prices","184","Rwanda","5532","Producer Price (USD/tonne)","83","Sorghum","2018","2018","7021","Annual value","USD","418.5","","Official data"
"PP","Producer Prices","184","Rwanda","5532","Producer Price (USD/tonne)","15","Wheat","2018","2018","7021","Annual value","USD","504.4","","Official data"
"PP","Producer Prices","188","Saint Kitts and Nevis","5532","Producer Price (USD/tonne)","56","Maize","2018","2018","7021","Annual value","USD","2041.3","","Official data"
"PP","Producer Prices","189","Saint Lucia","5532","Producer Price (USD/tonne)","56","Maize","2018","2018","7021","Annual value","USD","1974.1","","Official data"
"PP","Producer Prices","191","Saint Vincent and the Grenadines","5532","Producer Price (USD/tonne)","56","Maize","2018","2018","7021","Annual value","USD","1714.7","","Official data"
"PP","Producer Prices","195","Senegal","5532","Producer Price (USD/tonne)","94","Fonio","2018","2018","7021","Annual value","USD","429.9","","Official data"
"PP","Producer Prices","195","Senegal","5532","Producer Price (USD/tonne)","56","Maize","2018","2018","7021","Annual value","USD","288.9","","Official data"
"PP","Producer Prices","195","Senegal","5532","Producer Price (USD/tonne)","79","Millet","2018","2018","7021","Annual value","USD","334.5","","Official data"
"PP","Producer Prices","195","Senegal","5532","Producer Price (USD/tonne)","27","Rice, paddy","2018","2018","7021","Annual value","USD","234","","Official data"
"PP","Producer Prices","195","Senegal","5532","Producer Price (USD/tonne)","83","Sorghum","2018","2018","7021","Annual value","USD","334.5","","Official data"
"PP","Producer Prices","272","Serbia","5532","Producer Price (USD/tonne)","44","Barley","2018","2018","7021","Annual value","USD","160.9","","Official data"
"PP","Producer Prices","272","Serbia","5532","Producer Price (USD/tonne)","56","Maize","2018","2018","7021","Annual value","USD","145.4","","Official data"
"PP","Producer Prices","272","Serbia","5532","Producer Price (USD/tonne)","75","Oats","2018","2018","7021","Annual value","USD","190.3","","Official data"
"PP","Producer Prices","272","Serbia","5532","Producer Price (USD/tonne)","71","Rye","2018","2018","7021","Annual value","USD","181.7","","Official data"
"PP","Producer Prices","272","Serbia","5532","Producer Price (USD/tonne)","15","Wheat","2018","2018","7021","Annual value","USD","162.8","","Official data"
"PP","Producer Prices","197","Sierra Leone","5532","Producer Price (USD/tonne)","56","Maize","2018","2018","7021","Annual value","USD","117.6","","Official data"
"PP","Producer Prices","197","Sierra Leone","5532","Producer Price (USD/tonne)","27","Rice, paddy","2018","2018","7021","Annual value","USD","568.9","","Official data"
"PP","Producer Prices","199","Slovakia","5532","Producer Price (USD/tonne)","44","Barley","2018","2018","7021","Annual value","USD","206.1","","Official data"
"PP","Producer Prices","199","Slovakia","5532","Producer Price (USD/tonne)","56","Maize","2018","2018","7021","Annual value","USD","169.9","","Official data"
"PP","Producer Prices","199","Slovakia","5532","Producer Price (USD/tonne)","75","Oats","2018","2018","7021","Annual value","USD","262","","Official data"
"PP","Producer Prices","199","Slovakia","5532","Producer Price (USD/tonne)","71","Rye","2018","2018","7021","Annual value","USD","147.3","","Official data"
"PP","Producer Prices","199","Slovakia","5532","Producer Price (USD/tonne)","15","Wheat","2018","2018","7021","Annual value","USD","183.9","","Official data"
"PP","Producer Prices","198","Slovenia","5532","Producer Price (USD/tonne)","44","Barley","2018","2018","7021","Annual value","USD","168.2","","Official data"
"PP","Producer Prices","198","Slovenia","5532","Producer Price (USD/tonne)","89","Buckwheat","2018","2018","7021","Annual value","USD","529.8","","Official data"
"PP","Producer Prices","198","Slovenia","5532","Producer Price (USD/tonne)","56","Maize","2018","2018","7021","Annual value","USD","173.5","","Official data"
"PP","Producer Prices","198","Slovenia","5532","Producer Price (USD/tonne)","79","Millet","2018","2018","7021","Annual value","USD","398.8","","Official data"
"PP","Producer Prices","198","Slovenia","5532","Producer Price (USD/tonne)","75","Oats","2018","2018","7021","Annual value","USD","195.4","","Official data"
"PP","Producer Prices","198","Slovenia","5532","Producer Price (USD/tonne)","97","Triticale","2018","2018","7021","Annual value","USD","164.4","","Official data"
"PP","Producer Prices","198","Slovenia","5532","Producer Price (USD/tonne)","15","Wheat","2018","2018","7021","Annual value","USD","188.2","","Official data"
"PP","Producer Prices","202","South Africa","5532","Producer Price (USD/tonne)","44","Barley","2018","2018","7021","Annual value","USD","258.7","","Official data"
"PP","Producer Prices","202","South Africa","5532","Producer Price (USD/tonne)","56","Maize","2018","2018","7021","Annual value","USD","141.2","","Official data"
"PP","Producer Prices","202","South Africa","5532","Producer Price (USD/tonne)","75","Oats","2018","2018","7021","Annual value","USD","254.4","","Official data"
"PP","Producer Prices","202","South Africa","5532","Producer Price (USD/tonne)","83","Sorghum","2018","2018","7021","Annual value","USD","220.4","","Official data"
"PP","Producer Prices","202","South Africa","5532","Producer Price (USD/tonne)","15","Wheat","2018","2018","7021","Annual value","USD","283","","Official data"
"PP","Producer Prices","203","Spain","5532","Producer Price (USD/tonne)","44","Barley","2018","2018","7021","Annual value","USD","203.8","","Official data"
"PP","Producer Prices","203","Spain","5532","Producer Price (USD/tonne)","101","Canary seed","2018","2018","7021","Annual value","USD","587.7","","Official data"
"PP","Producer Prices","203","Spain","5532","Producer Price (USD/tonne)","56","Maize","2018","2018","7021","Annual value","USD","208.3","","Official data"
"PP","Producer Prices","203","Spain","5532","Producer Price (USD/tonne)","79","Millet","2018","2018","7021","Annual value","USD","352.1","","Official data"
"PP","Producer Prices","203","Spain","5532","Producer Price (USD/tonne)","75","Oats","2018","2018","7021","Annual value","USD","171.4","","Official data"
"PP","Producer Prices","203","Spain","5532","Producer Price (USD/tonne)","27","Rice, paddy","2018","2018","7021","Annual value","USD","344.7","","Official data"
"PP","Producer Prices","203","Spain","5532","Producer Price (USD/tonne)","71","Rye","2018","2018","7021","Annual value","USD","192.7","","Official data"
"PP","Producer Prices","203","Spain","5532","Producer Price (USD/tonne)","83","Sorghum","2018","2018","7021","Annual value","USD","204.1","","Official data"
"PP","Producer Prices","203","Spain","5532","Producer Price (USD/tonne)","97","Triticale","2018","2018","7021","Annual value","USD","203.1","","Official data"
"PP","Producer Prices","203","Spain","5532","Producer Price (USD/tonne)","15","Wheat","2018","2018","7021","Annual value","USD","217.4","","Official data"
"PP","Producer Prices","38","Sri Lanka","5532","Producer Price (USD/tonne)","56","Maize","2018","2018","7021","Annual value","USD","275.3","","Official data"
"PP","Producer Prices","38","Sri Lanka","5532","Producer Price (USD/tonne)","27","Rice, paddy","2018","2018","7021","Annual value","USD","296.1","","Official data"
"PP","Producer Prices","207","Suriname","5532","Producer Price (USD/tonne)","56","Maize","2018","2018","7021","Annual value","USD","995.6","","Official data"
"PP","Producer Prices","207","Suriname","5532","Producer Price (USD/tonne)","27","Rice, paddy","2018","2018","7021","Annual value","USD","151.4","","Official data"
"PP","Producer Prices","210","Sweden","5532","Producer Price (USD/tonne)","44","Barley","2018","2018","7021","Annual value","USD","224.7","","Official data"
"PP","Producer Prices","210","Sweden","5532","Producer Price (USD/tonne)","75","Oats","2018","2018","7021","Annual value","USD","207.8","","Official data"
"PP","Producer Prices","210","Sweden","5532","Producer Price (USD/tonne)","71","Rye","2018","2018","7021","Annual value","USD","207.9","","Official data"
"PP","Producer Prices","210","Sweden","5532","Producer Price (USD/tonne)","97","Triticale","2018","2018","7021","Annual value","USD","204.5","","Official data"
"PP","Producer Prices","210","Sweden","5532","Producer Price (USD/tonne)","15","Wheat","2018","2018","7021","Annual value","USD","213.3","","Official data"
"PP","Producer Prices","211","Switzerland","5532","Producer Price (USD/tonne)","44","Barley","2018","2018","7021","Annual value","USD","316","","Official data"
"PP","Producer Prices","211","Switzerland","5532","Producer Price (USD/tonne)","56","Maize","2018","2018","7021","Annual value","USD","315","","Official data"
"PP","Producer Prices","211","Switzerland","5532","Producer Price (USD/tonne)","75","Oats","2018","2018","7021","Annual value","USD","288.4","","Official data"
"PP","Producer Prices","211","Switzerland","5532","Producer Price (USD/tonne)","71","Rye","2018","2018","7021","Annual value","USD","347.7","","Official data"
"PP","Producer Prices","211","Switzerland","5532","Producer Price (USD/tonne)","97","Triticale","2018","2018","7021","Annual value","USD","302.7","","Official data"
"PP","Producer Prices","211","Switzerland","5532","Producer Price (USD/tonne)","15","Wheat","2018","2018","7021","Annual value","USD","459.1","","Official data"
"PP","Producer Prices","208","Tajikistan","5532","Producer Price (USD/tonne)","44","Barley","2018","2018","7021","Annual value","USD","185.5","","Official data"
"PP","Producer Prices","208","Tajikistan","5532","Producer Price (USD/tonne)","56","Maize","2018","2018","7021","Annual value","USD","206.9","","Official data"
"PP","Producer Prices","208","Tajikistan","5532","Producer Price (USD/tonne)","75","Oats","2018","2018","7021","Annual value","USD","145.7","","Official data"
"PP","Producer Prices","208","Tajikistan","5532","Producer Price (USD/tonne)","27","Rice, paddy","2018","2018","7021","Annual value","USD","462.8","","Official data"
"PP","Producer Prices","208","Tajikistan","5532","Producer Price (USD/tonne)","71","Rye","2018","2018","7021","Annual value","USD","156.6","","Official data"
"PP","Producer Prices","208","Tajikistan","5532","Producer Price (USD/tonne)","15","Wheat","2018","2018","7021","Annual value","USD","181.3","","Official data"
"PP","Producer Prices","216","Thailand","5532","Producer Price (USD/tonne)","56","Maize","2018","2018","7021","Annual value","USD","246.4","","Official data"
"PP","Producer Prices","216","Thailand","5532","Producer Price (USD/tonne)","27","Rice, paddy","2018","2018","7021","Annual value","USD","306.3","","Official data"
"PP","Producer Prices","216","Thailand","5532","Producer Price (USD/tonne)","83","Sorghum","2018","2018","7021","Annual value","USD","213.9","","Official data"
"PP","Producer Prices","217","Togo","5532","Producer Price (USD/tonne)","108","Cereals nes","2018","2018","7021","Annual value","USD","700.3","","Official data"
"PP","Producer Prices","217","Togo","5532","Producer Price (USD/tonne)","94","Fonio","2018","2018","7021","Annual value","USD","1317.9","","Official data"
"PP","Producer Prices","217","Togo","5532","Producer Price (USD/tonne)","56","Maize","2018","2018","7021","Annual value","USD","273.7","","Official data"
"PP","Producer Prices","217","Togo","5532","Producer Price (USD/tonne)","79","Millet","2018","2018","7021","Annual value","USD","522.1","","Official data"
"PP","Producer Prices","217","Togo","5532","Producer Price (USD/tonne)","27","Rice, paddy","2018","2018","7021","Annual value","USD","361.9","","Official data"
"PP","Producer Prices","217","Togo","5532","Producer Price (USD/tonne)","83","Sorghum","2018","2018","7021","Annual value","USD","417.7","","Official data"
"PP","Producer Prices","220","Trinidad and Tobago","5532","Producer Price (USD/tonne)","27","Rice, paddy","2018","2018","7021","Annual value","USD","406.2","","Official data"
"PP","Producer Prices","223","Turkey","5532","Producer Price (USD/tonne)","44","Barley","2018","2018","7021","Annual value","USD","177.8","","Official data"
"PP","Producer Prices","223","Turkey","5532","Producer Price (USD/tonne)","101","Canary seed","2018","2018","7021","Annual value","USD","376.2","","Official data"
"PP","Producer Prices","223","Turkey","5532","Producer Price (USD/tonne)","56","Maize","2018","2018","7021","Annual value","USD","175.3","","Official data"
"PP","Producer Prices","223","Turkey","5532","Producer Price (USD/tonne)","79","Millet","2018","2018","7021","Annual value","USD","394.4","","Official data"
"PP","Producer Prices","223","Turkey","5532","Producer Price (USD/tonne)","75","Oats","2018","2018","7021","Annual value","USD","201.6","","Official data"
"PP","Producer Prices","223","Turkey","5532","Producer Price (USD/tonne)","27","Rice, paddy","2018","2018","7021","Annual value","USD","493.1","","Official data"
"PP","Producer Prices","223","Turkey","5532","Producer Price (USD/tonne)","71","Rye","2018","2018","7021","Annual value","USD","166.9","","Official data"
"PP","Producer Prices","223","Turkey","5532","Producer Price (USD/tonne)","97","Triticale","2018","2018","7021","Annual value","USD","176.6","","Official data"
"PP","Producer Prices","223","Turkey","5532","Producer Price (USD/tonne)","15","Wheat","2018","2018","7021","Annual value","USD","199.6","","Official data"
"PP","Producer Prices","230","Ukraine","5532","Producer Price (USD/tonne)","44","Barley","2018","2018","7021","Annual value","USD","177","","Official data"
"PP","Producer Prices","230","Ukraine","5532","Producer Price (USD/tonne)","89","Buckwheat","2018","2018","7021","Annual value","USD","214.3","","Official data"
"PP","Producer Prices","230","Ukraine","5532","Producer Price (USD/tonne)","108","Cereals nes","2018","2018","7021","Annual value","USD","164.1","","Official data"
"PP","Producer Prices","230","Ukraine","5532","Producer Price (USD/tonne)","56","Maize","2018","2018","7021","Annual value","USD","147.5","","Official data"
"PP","Producer Prices","230","Ukraine","5532","Producer Price (USD/tonne)","79","Millet","2018","2018","7021","Annual value","USD","283.1","","Official data"
"PP","Producer Prices","230","Ukraine","5532","Producer Price (USD/tonne)","75","Oats","2018","2018","7021","Annual value","USD","143.6","","Official data"
"PP","Producer Prices","230","Ukraine","5532","Producer Price (USD/tonne)","27","Rice, paddy","2018","2018","7021","Annual value","USD","290.8","","Official data"
"PP","Producer Prices","230","Ukraine","5532","Producer Price (USD/tonne)","71","Rye","2018","2018","7021","Annual value","USD","117.9","","Official data"
"PP","Producer Prices","230","Ukraine","5532","Producer Price (USD/tonne)","15","Wheat","2018","2018","7021","Annual value","USD","168.6","","Official data"
"PP","Producer Prices","229","United Kingdom of Great Britain and Northern Ireland","5532","Producer Price (USD/tonne)","44","Barley","2018","2018","7021","Annual value","USD","233.8","","Official data"
"PP","Producer Prices","229","United Kingdom of Great Britain and Northern Ireland","5532","Producer Price (USD/tonne)","75","Oats","2018","2018","7021","Annual value","USD","188.5","","Official data"
"PP","Producer Prices","229","United Kingdom of Great Britain and Northern Ireland","5532","Producer Price (USD/tonne)","15","Wheat","2018","2018","7021","Annual value","USD","213.9","","Official data"
"PP","Producer Prices","231","United States of America","5532","Producer Price (USD/tonne)","44","Barley","2018","2018","7021","Annual value","USD","212","","Official data"
"PP","Producer Prices","231","United States of America","5532","Producer Price (USD/tonne)","56","Maize","2018","2018","7021","Annual value","USD","142","","Official data"
"PP","Producer Prices","231","United States of America","5532","Producer Price (USD/tonne)","79","Millet","2018","2018","7021","Annual value","USD","230","","Official data"
"PP","Producer Prices","231","United States of America","5532","Producer Price (USD/tonne)","75","Oats","2018","2018","7021","Annual value","USD","183","","Official data"
"PP","Producer Prices","231","United States of America","5532","Producer Price (USD/tonne)","27","Rice, paddy","2018","2018","7021","Annual value","USD","278","","Official data"
"PP","Producer Prices","231","United States of America","5532","Producer Price (USD/tonne)","71","Rye","2018","2018","7021","Annual value","USD","247","","Official data"
"PP","Producer Prices","231","United States of America","5532","Producer Price (USD/tonne)","83","Sorghum","2018","2018","7021","Annual value","USD","128","","Official data"
"PP","Producer Prices","231","United States of America","5532","Producer Price (USD/tonne)","15","Wheat","2018","2018","7021","Annual value","USD","189","","Official data"
"PP","Producer Prices","234","Uruguay","5532","Producer Price (USD/tonne)","44","Barley","2018","2018","7021","Annual value","USD","165","","Official data"
"PP","Producer Prices","234","Uruguay","5532","Producer Price (USD/tonne)","56","Maize","2018","2018","7021","Annual value","USD","192.4","","Official data"
"PP","Producer Prices","234","Uruguay","5532","Producer Price (USD/tonne)","75","Oats","2018","2018","7021","Annual value","USD","193.7","","Official data"
"PP","Producer Prices","234","Uruguay","5532","Producer Price (USD/tonne)","27","Rice, paddy","2018","2018","7021","Annual value","USD","159.1","","Official data"
"PP","Producer Prices","234","Uruguay","5532","Producer Price (USD/tonne)","83","Sorghum","2018","2018","7021","Annual value","USD","138.5","","Official data"
"PP","Producer Prices","234","Uruguay","5532","Producer Price (USD/tonne)","15","Wheat","2018","2018","7021","Annual value","USD","182.5","","Official data"
"PP","Producer Prices","237","Viet Nam","5532","Producer Price (USD/tonne)","56","Maize","2018","2018","7021","Annual value","USD","267.8","","Official data"
"PP","Producer Prices","237","Viet Nam","5532","Producer Price (USD/tonne)","79","Millet","2018","2018","7021","Annual value","USD","2264","","Official data"
"PP","Producer Prices","237","Viet Nam","5532","Producer Price (USD/tonne)","27","Rice, paddy","2018","2018","7021","Annual value","USD","287.8","","Official data"
"PP","Producer Prices","249","Yemen","5532","Producer Price (USD/tonne)","44","Barley","2018","2018","7021","Annual value","USD","858.3","","Official data"
"PP","Producer Prices","249","Yemen","5532","Producer Price (USD/tonne)","56","Maize","2018","2018","7021","Annual value","USD","979.8","","Official data"
"PP","Producer Prices","249","Yemen","5532","Producer Price (USD/tonne)","79","Millet","2018","2018","7021","Annual value","USD","974.7","","Official data"
"PP","Producer Prices","249","Yemen","5532","Producer Price (USD/tonne)","83","Sorghum","2018","2018","7021","Annual value","USD","956.2","","Official data"
"PP","Producer Prices","249","Yemen","5532","Producer Price (USD/tonne)","15","Wheat","2018","2018","7021","Annual value","USD","1015.8","","Official data"
"PP","Producer Prices","251","Zambia","5532","Producer Price (USD/tonne)","56","Maize","2018","2018","7021","Annual value","USD","177.5","","Official data"
"PP","Producer Prices","251","Zambia","5532","Producer Price (USD/tonne)","79","Millet","2018","2018","7021","Annual value","USD","520.9","","Official data"
"PP","Producer Prices","251","Zambia","5532","Producer Price (USD/tonne)","27","Rice, paddy","2018","2018","7021","Annual value","USD","1352.5","","Official data"
"PP","Producer Prices","251","Zambia","5532","Producer Price (USD/tonne)","83","Sorghum","2018","2018","7021","Annual value","USD","604","","Official data"
"PP","Producer Prices","181","Zimbabwe","5532","Producer Price (USD/tonne)","56","Maize","2018","2018","7021","Annual value","USD","390","","Official data"
"PP","Producer Prices","181","Zimbabwe","5532","Producer Price (USD/tonne)","79","Millet","2018","2018","7021","Annual value","USD","390","","Official data"
"PP","Producer Prices","181","Zimbabwe","5532","Producer Price (USD/tonne)","83","Sorghum","2018","2018","7021","Annual value","USD","390","","Official data"
"PP","Producer Prices","181","Zimbabwe","5532","Producer Price (USD/tonne)","15","Wheat","2018","2018","7021","Annual value","USD","621.5","","Official data"
